filename,filepath,latitude,longitude,datetime_taken,camera_make,camera_model,image_width,image_height
IMG_9959.jpg,web_photos/IMG_9959.jpg,38.04044444444444,-78.49989444444445,2024-11-02 11:26:33,Apple,iPhone 13 mini,1440,1920
IMG_5187.jpg,web_photos/IMG_5187.jpg,38.04377777777778,-78.49653611111111,2025-04-28 08:26:40,Apple,iPhone 13 mini,1440,1920
IMG_0996.jpg,web_photos/IMG_0996.jpg,38.03583888888889,-78.50561388888889,2025-09-05 08:57:50,Apple,iPhone 16,1440,1920
IMG_1685.jpg,web_photos/IMG_1685.jpg,38.04544166666666,-78.47737222222223,2024-12-27 16:29:47,Apple,iPhone 13 mini,1440,1920
IMG_0570.jpg,web_photos/IMG_0570.jpg,38.02442222222222,-78.49679444444445,2024-11-20 10:32:08,Apple,iPhone 13 mini,1920,1440
IMG_0564.jpg,web_photos/IMG_0564.jpg,38.02473333333333,-78.4968638888889,2024-11-20 09:33:26,Apple,iPhone 13 mini,1920,1440
IMG_6129.jpg,web_photos/IMG_6129.jpg,38.03836388888889,-78.49456111111111,2025-05-27 14:40:50,Apple,iPhone 13 mini,1920,1440
IMG_4058.jpg,web_photos/IMG_4058.jpg,38.037594444444444,-78.48943333333334,2024-03-13 08:13:41,Apple,iPhone 13 mini,1920,1440
IMG_4851.jpg,web_photos/IMG_4851.jpg,38.04571111111111,-78.47539444444445,2025-04-19 10:35:47,Apple,iPhone 13 mini,1920,1440
IMG_4676.jpg,web_photos/IMG_4676.jpg,38.039874999999995,-78.49163888888889,2025-04-11 09:47:04,Apple,iPhone 13 mini,1440,1920
IMG_0835.jpg,web_photos/IMG_0835.jpg,38.04100833333333,-78.49025,2024-11-29 13:08:33,Apple,iPhone 13 mini,1440,1920
IMG_5030.jpg,web_photos/IMG_5030.jpg,38.040930555555555,-78.48988333333334,2025-04-24 08:54:37,Apple,iPhone 13 mini,1440,1920
IMG_5031.jpg,web_photos/IMG_5031.jpg,38.040169444444444,-78.49003611111111,2025-04-24 08:56:22,Apple,iPhone 13 mini,1440,1920
IMG_5964.jpg,web_photos/IMG_5964.jpg,38.03808333333333,-78.49638333333334,2025-05-22 06:30:33,Apple,iPhone 13 mini,1440,1920
IMG_6048.jpg,web_photos/IMG_6048.jpg,36.920925,-76.04884444444444,2025-05-24 16:17:41,Apple,iPhone 13 mini,1920,1440
IMG_4677.jpg,web_photos/IMG_4677.jpg,38.04003611111111,-78.49157777777778,2025-04-11 09:47:27,Apple,iPhone 13 mini,1440,1920
IMG_4850.jpg,web_photos/IMG_4850.jpg,38.045608333333334,-78.47547777777778,2025-04-19 10:35:29,Apple,iPhone 13 mini,1920,1440
IMG_3695.jpg,web_photos/IMG_3695.jpg,38.03594722222222,-78.50277777777778,2025-03-15 15:47:52,Apple,iPhone 13 mini,1440,1920
IMG_6128.jpg,web_photos/IMG_6128.jpg,38.038399999999996,-78.49461388888889,2025-05-27 14:40:46,Apple,iPhone 13 mini,1920,1440
IMG_4059.jpg,web_photos/IMG_4059.jpg,38.03759722222222,-78.48943333333334,2024-03-13 08:13:45,Apple,iPhone 13 mini,1920,1440
IMG_5353.jpg,web_photos/IMG_5353.jpg,38.02265555555555,-78.49773333333333,2025-05-06 10:35:54,Apple,iPhone 13 mini,1440,1920
IMG_0565.jpg,web_photos/IMG_0565.jpg,38.02471666666666,-78.49696388888889,2024-11-20 09:33:33,Apple,iPhone 13 mini,1440,1920
IMG_1109.jpg,web_photos/IMG_1109.jpg,38.04243888888889,-78.4962,2025-09-10 08:18:45,Apple,iPhone 16,1440,1920
IMG_2366.jpg,web_photos/IMG_2366.jpg,37.438325,-75.84187222222222,2025-01-18 17:04:01,Apple,iPhone 13 mini,1920,1440
IMG_0571.jpg,web_photos/IMG_0571.jpg,38.04085277777778,-78.50353333333334,2025-08-19 08:26:53,Apple,iPhone 16,1920,1440
IMG_6699.jpg,web_photos/IMG_6699.jpg,41.910091666666666,12.488319444444443,2024-06-23 17:05:19,Apple,iPhone 13 mini,1920,1440
IMG_0997.jpg,web_photos/IMG_0997.jpg,38.0351,-78.50689722222222,2025-09-05 09:00:50,Apple,iPhone 16,1920,1440
IMG_5192.jpg,web_photos/IMG_5192.jpg,38.04077777777778,-78.49008055555555,2025-04-28 08:55:03,Apple,iPhone 13 mini,1440,1920
IMG_9972.jpg,web_photos/IMG_9972.jpg,38.040794444444444,-78.49816944444444,2024-11-02 11:48:03,Apple,iPhone 13 mini,1440,1920
IMG_5190.jpg,web_photos/IMG_5190.jpg,38.043575,-78.49284444444444,2025-04-28 08:41:38,Apple,iPhone 13 mini,1440,1920
IMG_1692.jpg,web_photos/IMG_1692.jpg,38.04526944444444,-78.47726388888888,2024-12-27 16:38:25,Apple,iPhone 13 mini,1440,1920
IMG_2370.jpg,web_photos/IMG_2370.jpg,37.438380555555554,-75.84194166666666,2025-01-18 17:14:56,Apple,iPhone 13 mini,1440,1920
IMG_0567.jpg,web_photos/IMG_0567.jpg,38.02421944444444,-78.4973,2024-11-20 10:05:48,Apple,iPhone 13 mini,1440,1920
IMG_1123.jpg,web_photos/IMG_1123.jpg,38.04054166666666,-78.49158611111112,2025-09-11 16:23:25,Apple,iPhone 16,1440,1920
IMG_3697.jpg,web_photos/IMG_3697.jpg,38.03598888888889,-78.50261666666667,2025-03-15 15:49:26,Apple,iPhone 13 mini,1440,1920
IMG_5219.jpg,web_photos/IMG_5219.jpg,38.04821666666666,-78.47494444444445,2025-04-30 09:49:16,Apple,iPhone 13 mini,1440,1920
IMG_0836.jpg,web_photos/IMG_0836.jpg,38.04087777777777,-78.49024166666666,2024-11-29 13:09:19,Apple,iPhone 13 mini,1440,1920
IMG_0611.jpg,web_photos/IMG_0611.jpg,38.033316666666664,-78.498925,2025-08-22 08:08:16,Apple,iPhone 16,1440,1920
IMG_0163.jpg,web_photos/IMG_0163.jpg,38.06281388888888,-78.49189722222222,2024-11-06 13:38:29,Apple,iPhone 13 mini,1440,1920
IMG_6507.jpg,web_photos/IMG_6507.jpg,38.035374999999995,-78.50125833333334,2025-06-13 10:36:04,Apple,iPhone 13 mini,1440,1920
IMG_4853.jpg,web_photos/IMG_4853.jpg,38.04568888888889,-78.47532777777778,2025-04-19 10:39:53,Apple,iPhone 13 mini,1440,1920
IMG_2365.jpg,web_photos/IMG_2365.jpg,37.438316666666665,-75.84185833333333,2025-01-18 17:03:58,Apple,iPhone 13 mini,1920,1440
IMG_0572.jpg,web_photos/IMG_0572.jpg,38.041069444444446,-78.50363888888889,2025-08-19 08:27:18,Apple,iPhone 16,1440,1920
IMG_0566.jpg,web_photos/IMG_0566.jpg,38.024563888888885,-78.49715555555555,2024-11-20 10:04:12,Apple,iPhone 13 mini,1920,1440
IMG_0994.jpg,web_photos/IMG_0994.jpg,38.036024999999995,-78.505525,2025-09-05 08:57:15,Apple,iPhone 16,1440,1920
IMG_0758.jpg,web_photos/IMG_0758.jpg,38.038291666666666,-78.5251611111111,2025-08-24 15:54:32,Apple,iPhone 16,1440,1920
IMG_4516.jpg,web_photos/IMG_4516.jpg,35.336822222222224,-80.65316111111112,2025-04-04 15:24:38,Apple,iPhone 13 mini,1920,1440
IMG_6498.jpg,web_photos/IMG_6498.jpg,38.035977777777774,-78.50265555555555,2025-06-13 10:28:05,Apple,iPhone 13 mini,1920,1440
IMG_9967.jpg,web_photos/IMG_9967.jpg,38.042719444444444,-78.49576666666667,2024-11-02 11:40:29,Apple,iPhone 13 mini,1440,1920
IMG_9977.jpg,web_photos/IMG_9977.jpg,38.03827222222222,-78.49843611111112,2024-11-02 11:59:19,Apple,iPhone 13 mini,1440,1920
IMG_9787.jpg,web_photos/IMG_9787.jpg,38.039227777777775,-78.4830861111111,2024-10-30 09:34:03,Apple,iPhone 13 mini,1440,1920
IMG_9793.jpg,web_photos/IMG_9793.jpg,38.040791666666664,-78.49015833333334,2024-10-30 09:51:20,Apple,iPhone 13 mini,1920,1440
IMG_0748.jpg,web_photos/IMG_0748.jpg,38.03191666666667,-78.47811944444445,2024-11-26 08:37:40,Apple,iPhone 13 mini,1440,1920
IMG_0562.jpg,web_photos/IMG_0562.jpg,38.02465,-78.49672777777778,2024-11-20 09:21:18,Apple,iPhone 13 mini,1920,1440
IMG_3692.jpg,web_photos/IMG_3692.jpg,38.03592222222222,-78.50264722222222,2025-03-15 15:47:06,Apple,iPhone 13 mini,1440,1920
IMG_1085.jpg,web_photos/IMG_1085.jpg,38.03802777777778,-78.496575,2025-09-08 07:57:11,Apple,iPhone 16,1440,1920
IMG_0833.jpg,web_photos/IMG_0833.jpg,38.04414444444444,-78.49080555555555,2025-08-27 10:39:43,Apple,iPhone 16,1920,1440
IMG_0827.jpg,web_photos/IMG_0827.jpg,37.765325,-78.20346944444445,2024-11-28 17:20:32,Apple,iPhone 13 mini,1920,1440
IMG_5988.jpg,web_photos/IMG_5988.jpg,38.03626666666666,-78.50431944444445,2025-05-22 08:54:56,Apple,iPhone 13 mini,1440,1920
IMG_8274.jpg,web_photos/IMG_8274.jpg,33.86210555555556,-77.99628333333334,2024-09-05 19:47:36,Apple,iPhone 13 mini,1920,1440
IMG_5022.jpg,web_photos/IMG_5022.jpg,38.04044722222222,-78.49864166666667,2025-04-24 08:01:08,Apple,iPhone 13 mini,1440,1920
IMG_6502.jpg,web_photos/IMG_6502.jpg,38.035441666666664,-78.50204444444445,2025-06-13 10:33:39,Apple,iPhone 13 mini,1920,1440
IMG_5023.jpg,web_photos/IMG_5023.jpg,38.04188611111111,-78.49804722222223,2025-04-24 08:04:01,Apple,iPhone 13 mini,1440,1920
IMG_8275.jpg,web_photos/IMG_8275.jpg,33.86239166666667,-77.99643611111111,2024-09-05 19:47:37,Apple,iPhone 13 mini,1920,1440
IMG_5976.jpg,web_photos/IMG_5976.jpg,38.03800555555556,-78.49655277777778,2025-05-22 07:48:56,Apple,iPhone 13 mini,1440,1920
IMG_0826.jpg,web_photos/IMG_0826.jpg,37.7653,-78.20350555555555,2024-11-28 17:20:29,Apple,iPhone 13 mini,1920,1440
IMG_0832.jpg,web_photos/IMG_0832.jpg,38.04387777777777,-78.49291944444444,2024-11-29 13:00:34,Apple,iPhone 13 mini,1440,1920
IMG_5209.jpg,web_photos/IMG_5209.jpg,38.04642222222222,-78.47502222222222,2025-04-30 09:20:12,Apple,iPhone 13 mini,1440,1920
IMG_5221.jpg,web_photos/IMG_5221.jpg,38.04709166666667,-78.47438055555556,2025-04-30 09:59:34,Apple,iPhone 13 mini,1440,1920
IMG_4881.jpg,web_photos/IMG_4881.jpg,24.55203888888889,-81.79740833333334,2024-04-04 10:04:22,Apple,iPhone 13 mini,1440,1920
IMG_7344.jpg,web_photos/IMG_7344.jpg,38.01204722222222,-78.51291666666667,2025-07-23 08:48:13,Apple,iPhone 13 mini,1920,1440
IMG_4856.jpg,web_photos/IMG_4856.jpg,38.04674444444444,-78.473975,2025-04-19 10:59:13,Apple,iPhone 13 mini,1440,1920
IMG_0563.jpg,web_photos/IMG_0563.jpg,38.02472777777778,-78.49696388888889,2024-11-20 09:21:56,Apple,iPhone 13 mini,1440,1920
IMG_5355.jpg,web_photos/IMG_5355.jpg,38.02361666666667,-78.49723888888889,2025-05-06 10:57:22,Apple,iPhone 13 mini,1440,1920
IMG_5427.jpg,web_photos/IMG_5427.jpg,38.040394444444445,-78.49845833333333,2025-05-09 08:00:43,Apple,iPhone 13 mini,1440,1920
IMG_0749.jpg,web_photos/IMG_0749.jpg,38.03191388888889,-78.47811944444445,2024-11-26 08:37:43,Apple,iPhone 13 mini,1440,1920
IMG_5157.jpg,web_photos/IMG_5157.jpg,37.96863611111111,-78.89652222222223,2025-04-27 16:28:05,Apple,iPhone 13 mini,1440,1920
IMG_9792.jpg,web_photos/IMG_9792.jpg,38.04187777777778,-78.49001944444444,2024-10-30 09:48:02,Apple,iPhone 13 mini,1440,1920
IMG_9962.jpg,web_photos/IMG_9962.jpg,38.042205555555554,-78.49739722222222,2024-11-02 11:35:22,Apple,iPhone 13 mini,1920,1440
IMG_6489.jpg,web_photos/IMG_6489.jpg,38.03754166666666,-78.50318888888889,2025-06-13 10:15:39,Apple,iPhone 13 mini,1440,1920
IMG_3297.jpg,web_photos/IMG_3297.jpg,38.01466111111111,-78.47789722222223,2025-02-17 14:53:43,Apple,iPhone 13 mini,1440,1920
IMG_9790.jpg,web_photos/IMG_9790.jpg,38.040394444444445,-78.48345277777779,2024-10-30 09:37:12,Apple,iPhone 13 mini,1920,1440
IMG_0978.jpg,web_photos/IMG_0978.jpg,38.04631388888889,-78.47510555555556,2024-12-05 16:26:43,Apple,iPhone 13 mini,1440,1920
IMG_0993.jpg,web_photos/IMG_0993.jpg,38.042275,-78.50521944444445,2025-09-05 08:34:46,Apple,iPhone 16,1920,1440
IMG_7030.jpg,web_photos/IMG_7030.jpg,38.09502777777778,-78.61871388888888,2025-07-05 16:36:37,Apple,iPhone 13 mini,1920,1440
IMG_0011.jpg,web_photos/IMG_0011.jpg,38.025127777777776,-78.48259722222222,2025-07-25 16:49:39,Apple,iPhone 16,1920,1440
IMG_0777.jpg,web_photos/IMG_0777.jpg,38.035125,-78.49405555555556,2025-08-24 19:52:57,Apple,iPhone 16,1920,1440
IMG_1694.jpg,web_photos/IMG_1694.jpg,38.04525833333333,-78.477225,2024-12-27 16:38:34,Apple,iPhone 13 mini,1440,1920
IMG_6662.jpg,web_photos/IMG_6662.jpg,38.04129722222222,-78.73293333333334,2025-06-19 11:23:34,Apple,iPhone 13 mini,1440,1920
IMG_0561.jpg,web_photos/IMG_0561.jpg,38.02590555555555,-78.49542222222222,2024-11-20 09:18:20,Apple,iPhone 13 mini,1440,1920
IMG_7391.jpg,web_photos/IMG_7391.jpg,38.04079722222222,-78.49821388888888,2025-07-25 12:36:19,Apple,iPhone 13 mini,1440,1920
IMG_3691.jpg,web_photos/IMG_3691.jpg,38.035916666666665,-78.50257222222223,2025-03-15 15:46:52,Apple,iPhone 13 mini,1920,1440
IMG_6931.jpg,web_photos/IMG_6931.jpg,38.02988333333333,-78.47827222222223,2025-07-03 08:53:17,Apple,iPhone 13 mini,1440,1920
IMG_6919.jpg,web_photos/IMG_6919.jpg,38.0428,-78.50301388888889,2025-07-02 09:36:02,Apple,iPhone 13 mini,1440,1920
IMG_4667.jpg,web_photos/IMG_4667.jpg,38.03839444444444,-78.49459722222223,2025-04-11 08:34:40,Apple,iPhone 13 mini,1920,1440
IMG_6702.jpg,web_photos/IMG_6702.jpg,41.909549999999996,12.488008333333333,2024-06-23 17:07:42,Apple,iPhone 13 mini,1440,1920
IMG_0824.jpg,web_photos/IMG_0824.jpg,37.76526666666667,-78.20359722222223,2024-11-28 17:20:23,Apple,iPhone 13 mini,1920,1440
IMG_7193.jpg,web_photos/IMG_7193.jpg,38.012,-78.51473888888889,2025-07-16 09:11:55,Apple,iPhone 13 mini,1920,1440
IMG_0830.jpg,web_photos/IMG_0830.jpg,38.04376666666666,-78.49304166666667,2024-11-29 12:59:11,Apple,iPhone 13 mini,1440,1920
IMG_0818.jpg,web_photos/IMG_0818.jpg,38.04248333333333,-78.49607777777778,2025-08-26 08:14:29,Apple,iPhone 16,1920,1440
IMG_3478.jpg,web_photos/IMG_3478.jpg,38.04035277777778,-78.49162222222222,2025-03-01 17:14:57,Apple,iPhone 13 mini,1440,1920
IMG_6500.jpg,web_photos/IMG_6500.jpg,38.03574722222222,-78.50276944444444,2025-06-13 10:30:04,Apple,iPhone 13 mini,1440,1920
IMG_0616.jpg,web_photos/IMG_0616.jpg,38.03165833333333,-78.48670277777778,2024-11-22 17:10:28,Apple,iPhone 13 mini,1440,1920
IMG_3479.jpg,web_photos/IMG_3479.jpg,38.04034444444444,-78.49163055555556,2025-03-01 17:15:02,Apple,iPhone 13 mini,1920,1440
IMG_0825.jpg,web_photos/IMG_0825.jpg,37.76528888888889,-78.20354444444445,2024-11-28 17:20:26,Apple,iPhone 13 mini,1920,1440
IMG_4060.jpg,web_photos/IMG_4060.jpg,38.03759722222222,-78.48943333333334,2024-03-13 08:13:45,Apple,iPhone 13 mini,1920,1440
IMG_2363.jpg,web_photos/IMG_2363.jpg,37.43831944444444,-75.84182777777777,2025-01-18 17:03:50,Apple,iPhone 13 mini,1920,1440
IMG_2405.jpg,web_photos/IMG_2405.jpg,37.42969444444444,-75.84739722222221,2025-01-19 12:39:50,Apple,iPhone 13 mini,1440,1920
IMG_5424.jpg,web_photos/IMG_5424.jpg,38.04029444444444,-78.498475,2025-05-09 08:00:00,Apple,iPhone 13 mini,1440,1920
IMG_5356.jpg,web_photos/IMG_5356.jpg,38.02396111111111,-78.49684166666667,2025-05-06 10:58:43,Apple,iPhone 13 mini,1920,1440
IMG_1695.jpg,web_photos/IMG_1695.jpg,38.045202777777774,-78.47717222222222,2024-12-27 16:38:48,Apple,iPhone 13 mini,1920,1440
IMG_7031.jpg,web_photos/IMG_7031.jpg,38.095019444444446,-78.61875833333333,2025-07-05 16:36:43,Apple,iPhone 13 mini,1440,1920
IMG_0992.jpg,web_photos/IMG_0992.jpg,38.04246944444444,-78.50505833333334,2025-09-05 08:34:09,Apple,iPhone 16,1440,1920
IMG_0979.jpg,web_photos/IMG_0979.jpg,38.046299999999995,-78.47513611111111,2024-12-05 16:26:57,Apple,iPhone 13 mini,1920,1440
IMG_9791.jpg,web_photos/IMG_9791.jpg,38.041736111111106,-78.48803611111111,2024-10-30 09:45:11,Apple,iPhone 13 mini,1920,1440
IMG_9961.jpg,web_photos/IMG_9961.jpg,38.04204166666666,-78.49801666666667,2024-11-02 11:32:33,Apple,iPhone 13 mini,1440,1920
IMG_5183.jpg,web_photos/IMG_5183.jpg,38.04246111111111,-78.49710833333333,2025-04-28 08:18:47,Apple,iPhone 13 mini,1440,1920
IMG_7095.jpg,web_photos/IMG_7095.jpg,33.85514444444445,-77.98194166666667,2025-07-09 12:36:34,Apple,iPhone 13 mini,1440,1920
IMG_0063.jpg,web_photos/IMG_0063.jpg,43.63836944444444,-79.44056666666667,2025-07-27 07:52:44,Apple,iPhone 16,1440,1920
IMG_3973.jpg,web_photos/IMG_3973.jpg,38.03743055555555,-78.50325,2025-03-27 08:10:17,Apple,iPhone 13 mini,1440,1920
IMG_9523.jpg,web_photos/IMG_9523.jpg,38.03895833333333,-78.48660277777778,2024-10-23 09:15:09,Apple,iPhone 13 mini,1920,1440
IMG_4991.jpg,web_photos/IMG_4991.jpg,38.04363611111111,-78.5036,2025-04-23 08:26:11,Apple,iPhone 13 mini,1440,1920
IMG_5331.jpg,web_photos/IMG_5331.jpg,38.03603333333333,-78.50438055555556,2025-05-05 08:27:31,Apple,iPhone 13 mini,1920,1440
IMG_6770.jpg,web_photos/IMG_6770.jpg,38.05083055555555,-78.47666944444444,2025-06-25 11:05:50,Apple,iPhone 13 mini,1440,1920
IMG_4615.jpg,web_photos/IMG_4615.jpg,24.55432777777778,-81.79600555555555,2024-04-02 14:36:36,Apple,iPhone 13 mini,1440,1920
IMG_5709.jpg,web_photos/IMG_5709.jpg,38.03496944444444,-78.5008388888889,2025-05-15 08:33:04,Apple,iPhone 13 mini,1920,1440
IMG_6200.jpg,web_photos/IMG_6200.jpg,38.04013333333333,-78.49021944444445,2025-06-03 08:20:01,Apple,iPhone 13 mini,1440,1920
IMG_0117.jpg,web_photos/IMG_0117.jpg,38.03946388888889,-78.50131944444445,2024-11-03 13:56:54,Apple,iPhone 13 mini,1440,1920
IMG_4359.jpg,web_photos/IMG_4359.jpg,24.54569166666667,-81.81249166666666,2024-03-30 12:54:58,Apple,iPhone 13 mini,1440,1920
IMG_5047.jpg,web_photos/IMG_5047.jpg,38.03606666666666,-78.5047388888889,2025-04-25 08:16:56,Apple,iPhone 13 mini,1920,1440
IMG_0895.jpg,web_photos/IMG_0895.jpg,38.04244722222222,-78.50566111111111,2025-08-29 08:36:13,Apple,iPhone 16,1440,1920
IMG_5734.jpg,web_photos/IMG_5734.jpg,38.040875,-78.4901888888889,2025-05-16 08:26:34,Apple,iPhone 13 mini,1440,1920
IMG_0894.jpg,web_photos/IMG_0894.jpg,38.04238611111111,-78.50566944444445,2025-08-29 08:35:55,Apple,iPhone 16,1440,1920
IMG_4628.jpg,web_photos/IMG_4628.jpg,38.03917222222222,-78.48322222222222,2025-04-09 15:34:02,Apple,iPhone 13 mini,1440,1920
IMG_6765.jpg,web_photos/IMG_6765.jpg,38.05063333333333,-78.47431944444445,2025-06-25 10:42:09,Apple,iPhone 13 mini,1440,1920
IMG_4833.jpg,web_photos/IMG_4833.jpg,24.551972222222222,-81.80703055555556,2024-04-03 16:27:10,Apple,iPhone 13 mini,1920,1440
IMG_4748.jpg,web_photos/IMG_4748.jpg,24.555961111111113,-81.80101666666667,2024-04-03 01:44:20,Apple,iPhone 13 mini,1920,1440
IMG_5330.jpg,web_photos/IMG_5330.jpg,38.03611111111111,-78.50453055555556,2025-05-05 08:27:01,Apple,iPhone 13 mini,1440,1920
IMG_7282.jpg,web_photos/IMG_7282.jpg,38.035758333333334,-78.50141111111111,2025-07-20 10:03:04,Apple,iPhone 13 mini,1920,1440
IMG_3966.jpg,web_photos/IMG_3966.jpg,38.02495555555556,-78.49755833333333,2025-03-26 09:57:02,Apple,iPhone 13 mini,1920,1440
IMG_7094.jpg,web_photos/IMG_7094.jpg,33.85518888888889,-77.9818638888889,2025-07-09 12:35:32,Apple,iPhone 13 mini,1440,1920
IMG_7080.jpg,web_photos/IMG_7080.jpg,33.85381944444445,-77.97572222222223,2025-07-09 11:06:59,Apple,iPhone 13 mini,1440,1920
IMG_7096.jpg,web_photos/IMG_7096.jpg,33.855111111111114,-77.98201666666667,2025-07-09 12:37:30,Apple,iPhone 13 mini,1920,1440
IMG_7082.jpg,web_photos/IMG_7082.jpg,33.85651111111111,-77.979775,2025-07-09 12:24:17,Apple,iPhone 13 mini,1440,1920
IMG_0074.jpg,web_photos/IMG_0074.jpg,38.03530833333333,-78.50209722222222,2024-11-03 13:33:59,Apple,iPhone 13 mini,1440,1920
IMG_0048.jpg,web_photos/IMG_0048.jpg,38.038075,-78.49829166666667,2024-11-03 13:08:50,Apple,iPhone 13 mini,1440,1920
IMG_2887.jpg,web_photos/IMG_2887.jpg,38.045608333333334,-78.47538888888889,2025-02-06 16:20:16,Apple,iPhone 13 mini,1920,1440
IMG_4979.jpg,web_photos/IMG_4979.jpg,38.041152777777775,-78.50356944444444,2025-04-23 08:11:23,Apple,iPhone 13 mini,1440,1920
IMG_3958.jpg,web_photos/IMG_3958.jpg,38.02413055555555,-78.49715555555555,2025-03-26 09:51:58,Apple,iPhone 13 mini,1920,1440
IMG_4762.jpg,web_photos/IMG_4762.jpg,38.03436388888889,-78.49621666666667,2025-04-15 08:00:30,Apple,iPhone 13 mini,1440,1920
IMG_4004.jpg,web_photos/IMG_4004.jpg,38.04236944444444,-78.50109166666667,2025-03-28 08:48:27,Apple,iPhone 13 mini,1920,1440
IMG_9520.jpg,web_photos/IMG_9520.jpg,38.03820833333333,-78.49305,2024-10-23 09:04:28,Apple,iPhone 13 mini,1920,1440
IMG_9534.jpg,web_photos/IMG_9534.jpg,38.04013055555556,-78.49133333333333,2024-10-23 10:01:03,Apple,iPhone 13 mini,1440,1920
IMG_2461.jpg,web_photos/IMG_2461.jpg,37.02306111111111,-76.33028333333333,2025-01-20 13:20:55,Apple,iPhone 13 mini,1920,1440
IMG_5332.jpg,web_photos/IMG_5332.jpg,38.03604166666666,-78.50395833333333,2025-05-05 08:29:14,Apple,iPhone 13 mini,1440,1920
IMG_0302.jpg,web_photos/IMG_0302.jpg,39.20551666666667,-78.355025,2025-08-06 10:26:41,Apple,iPhone 16,1920,1440
IMG_6773.jpg,web_photos/IMG_6773.jpg,38.050127777777774,-78.47611944444445,2025-06-25 11:06:35,Apple,iPhone 13 mini,1440,1920
IMG_6203.jpg,web_photos/IMG_6203.jpg,38.0405,-78.48970833333334,2025-06-03 08:21:47,Apple,iPhone 13 mini,1034,1920
IMG_0100.jpg,web_photos/IMG_0100.jpg,38.0363,-78.50273888888889,2024-11-03 13:47:55,Apple,iPhone 13 mini,1440,1920
IMG_5050.jpg,web_photos/IMG_5050.jpg,38.03502777777778,-78.50708055555556,2025-04-25 08:34:20,Apple,iPhone 13 mini,1440,1920
IMG_1236.jpg,web_photos/IMG_1236.jpg,38.05235555555555,-78.63570277777778,2024-12-21 17:00:47,Apple,iPhone 13 mini,1920,1440
IMG_0896.jpg,web_photos/IMG_0896.jpg,38.04233055555555,-78.50556944444445,2025-08-29 08:37:52,Apple,iPhone 16,1440,1920
IMG_8206.jpg,web_photos/IMG_8206.jpg,33.86015833333334,-77.99115,2024-09-04 17:16:33,Apple,iPhone 13 mini,1920,1440
IMG_0882.jpg,web_photos/IMG_0882.jpg,38.034369444444444,-78.49726944444444,2024-11-30 10:40:23,Apple,iPhone 13 mini,1920,1440
IMG_5044.jpg,web_photos/IMG_5044.jpg,38.036319444444445,-78.5036,2025-04-25 08:13:18,Apple,iPhone 13 mini,1440,1920
IMG_0883.jpg,web_photos/IMG_0883.jpg,38.03436388888889,-78.49729166666667,2024-11-30 10:40:26,Apple,iPhone 13 mini,1920,1440
IMG_8207.jpg,web_photos/IMG_8207.jpg,33.86015833333334,-77.99107222222223,2024-09-04 17:16:35,Apple,iPhone 13 mini,1920,1440
IMG_7134.jpg,web_photos/IMG_7134.jpg,38.035125,-78.50064166666667,2024-07-04 17:36:15,Apple,iPhone 13 mini,1920,1440
IMG_5045.jpg,web_photos/IMG_5045.jpg,38.036227777777775,-78.50372222222222,2025-04-25 08:13:52,Apple,iPhone 13 mini,1440,1920
IMG_0897.jpg,web_photos/IMG_0897.jpg,38.04146111111111,-78.50341666666667,2025-08-29 08:46:32,Apple,iPhone 16,1920,1440
IMG_6202.jpg,web_photos/IMG_6202.jpg,38.040530555555556,-78.48982222222223,2025-06-03 08:21:40,Apple,iPhone 13 mini,1440,1920
IMG_0868.jpg,web_photos/IMG_0868.jpg,38.03590277777778,-78.50254722222222,2025-08-28 08:25:48,Apple,iPhone 16,1920,1440
IMG_6772.jpg,web_photos/IMG_6772.jpg,38.050105555555554,-78.47601388888889,2025-06-25 11:06:20,Apple,iPhone 13 mini,1440,1920
IMG_0317.jpg,web_photos/IMG_0317.jpg,39.20973888888889,-78.35051666666666,2025-08-06 11:23:23,Apple,iPhone 16,1440,1920
IMG_9509.jpg,web_photos/IMG_9509.jpg,38.04208333333333,-78.49838333333334,2024-10-21 08:17:31,Apple,iPhone 13 mini,1440,1920
IMG_5441.jpg,web_photos/IMG_5441.jpg,38.040949999999995,-78.49014166666667,2025-05-09 08:27:35,Apple,iPhone 13 mini,1920,1440
IMG_5327.jpg,web_photos/IMG_5327.jpg,38.03925833333333,-78.50069444444445,2025-05-05 08:15:11,Apple,iPhone 13 mini,1440,1920
IMG_2460.jpg,web_photos/IMG_2460.jpg,37.02307222222222,-76.33025277777777,2025-01-20 13:20:02,Apple,iPhone 13 mini,1440,1920
IMG_4763.jpg,web_photos/IMG_4763.jpg,24.552180555555555,-81.79745555555556,2024-04-03 02:30:17,Apple,iPhone 13 mini,1920,1440
IMG_9521.jpg,web_photos/IMG_9521.jpg,38.038199999999996,-78.49305,2024-10-23 09:04:29,Apple,iPhone 13 mini,1920,1440
IMG_6612.jpg,web_photos/IMG_6612.jpg,38.04196944444444,-78.50075555555556,2025-06-16 18:41:57,Apple,iPhone 13 mini,1440,1920
IMG_7281.jpg,web_photos/IMG_7281.jpg,38.03578888888889,-78.50142777777778,2025-07-20 10:02:54,Apple,iPhone 13 mini,1440,1920
IMG_4978.jpg,web_photos/IMG_4978.jpg,38.04088333333333,-78.50350277777778,2025-04-23 08:10:21,Apple,iPhone 13 mini,1920,1440
IMG_7083.jpg,web_photos/IMG_7083.jpg,33.85651388888889,-77.97979722222222,2025-07-09 12:24:37,Apple,iPhone 13 mini,1440,1920
IMG_6428.jpg,web_photos/IMG_6428.jpg,38.048288888888884,-78.47509722222222,2025-06-11 10:00:01,Apple,iPhone 13 mini,1920,1440
IMG_2114.jpg,web_photos/IMG_2114.jpg,38.040794444444444,-78.49200555555555,2025-01-08 10:27:51,Apple,iPhone 13 mini,1440,1920
IMG_9055.jpg,web_photos/IMG_9055.jpg,38.050725,-78.47688333333333,2024-10-02 17:58:08,Apple,iPhone 13 mini,1440,1920
IMG_7078.jpg,web_photos/IMG_7078.jpg,33.85735833333334,-77.98032500000001,2025-07-09 10:39:12,Apple,iPhone 13 mini,1920,1440
IMG_0717.jpg,web_photos/IMG_0717.jpg,38.03793611111111,-78.50726944444445,2024-11-24 14:59:46,Apple,iPhone 13 mini,1440,1920
IMG_3961.jpg,web_photos/IMG_3961.jpg,38.024375,-78.49673333333334,2025-03-26 09:53:58,Apple,iPhone 13 mini,1920,1440
IMG_9519.jpg,web_photos/IMG_9519.jpg,38.03816666666666,-78.49305,2024-10-23 09:04:25,Apple,iPhone 13 mini,1920,1440
IMG_9525.jpg,web_photos/IMG_9525.jpg,38.040058333333334,-78.488625,2024-10-23 09:18:47,Apple,iPhone 13 mini,1920,1440
IMG_8149.jpg,web_photos/IMG_8149.jpg,33.85531666666667,-77.98175,2024-09-04 12:22:54,Apple,iPhone 13 mini,1440,1920
IMG_6789.jpg,web_photos/IMG_6789.jpg,38.03842222222222,-78.498375,2025-06-27 10:39:42,Apple,iPhone 13 mini,1440,1920
IMG_5280.jpg,web_photos/IMG_5280.jpg,38.0479,-78.47811111111112,2025-05-03 14:37:00,Apple,iPhone 13 mini,1920,1440
IMG_4808.jpg,web_photos/IMG_4808.jpg,38.03939444444444,-78.4921638888889,2025-04-17 08:09:11,Apple,iPhone 13 mini,1440,1920
IMG_5257.jpg,web_photos/IMG_5257.jpg,38.040613888888885,-78.49022777777778,2025-05-02 09:37:51,Apple,iPhone 13 mini,1440,1920
IMG_4613.jpg,web_photos/IMG_4613.jpg,38.03360277777777,-78.49888611111112,2025-04-08 08:38:05,Apple,iPhone 13 mini,1920,1440
IMG_0893.jpg,web_photos/IMG_0893.jpg,38.042375,-78.50566111111111,2025-08-29 08:35:47,Apple,iPhone 16,1920,1440
IMG_5733.jpg,web_photos/IMG_5733.jpg,38.04248333333333,-78.49616944444445,2025-05-16 08:12:41,Apple,iPhone 13 mini,1920,1440
IMG_0887.jpg,web_photos/IMG_0887.jpg,38.03286666666666,-78.49806111111111,2024-11-30 11:25:44,Apple,iPhone 13 mini,1440,1920
IMG_2060.jpg,web_photos/IMG_2060.jpg,38.035288888888886,-78.49391944444444,2023-12-25 10:44:31,Apple,iPhone 13 mini,1920,1440
IMG_7118.jpg,web_photos/IMG_7118.jpg,33.86235555555556,-77.9964,2025-07-09 20:13:01,Apple,iPhone 13 mini,1920,1440
IMG_7119.jpg,web_photos/IMG_7119.jpg,33.86222777777778,-77.99665,2025-07-09 20:33:13,Apple,iPhone 13 mini,1920,1440
IMG_3357.jpg,web_photos/IMG_3357.jpg,38.04525833333333,-78.47531111111111,2025-02-23 18:25:50,Apple,iPhone 13 mini,1920,1440
IMG_2049.jpg,web_photos/IMG_2049.jpg,38.035266666666665,-78.49390277777778,2023-12-25 09:53:18,Apple,iPhone 13 mini,1920,1440
IMG_0845.jpg,web_photos/IMG_0845.jpg,38.07898055555556,-78.47798055555556,2025-08-27 16:47:40,Apple,iPhone 16,1440,1920
IMG_0689.jpg,web_photos/IMG_0689.jpg,38.031219444444446,-78.4797138888889,2024-11-23 12:44:06,Apple,iPhone 13 mini,1440,1920
IMG_4606.jpg,web_photos/IMG_4606.jpg,38.036055555555556,-78.50396666666667,2025-04-08 08:25:26,Apple,iPhone 13 mini,1440,1920
IMG_5336.jpg,web_photos/IMG_5336.jpg,38.03543611111111,-78.50203055555555,2025-05-05 08:45:36,Apple,iPhone 13 mini,1920,1440
IMG_3960.jpg,web_photos/IMG_3960.jpg,38.02418055555555,-78.49709444444444,2025-03-26 09:53:16,Apple,iPhone 13 mini,1440,1920
IMG_0070.jpg,web_photos/IMG_0070.jpg,43.63693611111111,-79.44236111111111,2025-07-27 07:59:51,Apple,iPhone 16,1440,1920
IMG_7079.jpg,web_photos/IMG_7079.jpg,33.85732222222222,-77.98026944444445,2025-07-09 10:39:21,Apple,iPhone 13 mini,1440,1920
IMG_0064.jpg,web_photos/IMG_0064.jpg,43.63829722222222,-79.44055833333334,2025-07-27 07:52:52,Apple,iPhone 16,1440,1920
IMG_7086.jpg,web_photos/IMG_7086.jpg,33.855872222222224,-77.98127777777778,2025-07-09 12:29:46,Apple,iPhone 13 mini,1440,1920
IMG_7092.jpg,web_photos/IMG_7092.jpg,33.855266666666665,-77.98178888888889,2025-07-09 12:33:17,Apple,iPhone 13 mini,1440,1920
IMG_5685.jpg,web_photos/IMG_5685.jpg,38.03505,-78.50110555555555,2025-05-13 08:24:51,Apple,iPhone 13 mini,1440,1920
IMG_7084.jpg,web_photos/IMG_7084.jpg,33.85649166666667,-77.97983611111111,2025-07-09 12:25:00,Apple,iPhone 13 mini,1440,1920
IMG_0099.jpg,web_photos/IMG_0099.jpg,38.03631111111111,-78.50256388888889,2024-11-03 13:47:42,Apple,iPhone 13 mini,1440,1920
IMG_7090.jpg,web_photos/IMG_7090.jpg,33.855275,-77.98178055555556,2025-07-09 12:32:07,Apple,iPhone 13 mini,1440,1920
IMG_0072.jpg,web_photos/IMG_0072.jpg,38.03485833333333,-78.50219722222222,2024-11-03 13:33:00,Apple,iPhone 13 mini,1440,1920
IMG_3962.jpg,web_photos/IMG_3962.jpg,38.024375,-78.49675833333333,2025-03-26 09:54:05,Apple,iPhone 13 mini,1440,1920
IMG_9297.jpg,web_photos/IMG_9297.jpg,38.097072222222224,-78.49503333333334,2024-10-14 12:19:09,Apple,iPhone 13 mini,1440,1920
IMG_8189.jpg,web_photos/IMG_8189.jpg,33.86493611111111,-77.99829166666667,2024-09-04 16:42:49,Apple,iPhone 13 mini,1920,1440
IMG_4980.jpg,web_photos/IMG_4980.jpg,38.041558333333334,-78.50298333333333,2025-04-23 08:13:07,Apple,iPhone 13 mini,1920,1440
IMG_9532.jpg,web_photos/IMG_9532.jpg,38.04083333333333,-78.49008055555555,2024-10-23 09:56:47,Apple,iPhone 13 mini,1440,1920
IMG_7279.jpg,web_photos/IMG_7279.jpg,38.03595833333333,-78.50253333333333,2025-07-20 09:52:00,Apple,iPhone 13 mini,1920,1440
IMG_4764.jpg,web_photos/IMG_4764.jpg,38.03169166666667,-78.48774722222223,2025-04-15 09:11:50,Apple,iPhone 13 mini,1440,1920
IMG_4604.jpg,web_photos/IMG_4604.jpg,38.03598888888889,-78.50429444444444,2025-04-08 08:24:41,Apple,iPhone 13 mini,1920,1440
IMG_4610.jpg,web_photos/IMG_4610.jpg,38.03621388888889,-78.50255555555556,2025-04-08 08:30:12,Apple,iPhone 13 mini,1920,1440
IMG_0847.jpg,web_photos/IMG_0847.jpg,38.07893333333334,-78.47799722222223,2025-08-27 16:48:04,Apple,iPhone 16,1440,1920
IMG_0648.jpg,web_photos/IMG_0648.jpg,38.025166666666664,-78.49610833333334,2024-11-23 08:00:43,Apple,iPhone 13 mini,1920,1440
IMG_0112.jpg,web_photos/IMG_0112.jpg,38.037013888888886,-78.50325833333333,2024-11-03 13:50:53,Apple,iPhone 13 mini,1920,1440
IMG_6204.jpg,web_photos/IMG_6204.jpg,38.0405,-78.48972222222223,2025-06-03 08:22:29,Apple,iPhone 13 mini,1920,1440
IMG_0852.jpg,web_photos/IMG_0852.jpg,38.03524722222222,-78.49392777777778,2024-11-29 16:50:46,Apple,iPhone 13 mini,1440,1920
IMG_4605.jpg,web_photos/IMG_4605.jpg,38.036049999999996,-78.50411944444444,2025-04-08 08:25:02,Apple,iPhone 13 mini,1440,1920
IMG_9533.jpg,web_photos/IMG_9533.jpg,38.041244444444445,-78.49204166666667,2024-10-23 10:00:49,Apple,iPhone 13 mini,1920,1440
IMG_7278.jpg,web_photos/IMG_7278.jpg,38.03615833333333,-78.502725,2025-07-20 09:51:28,Apple,iPhone 13 mini,1920,1440
IMG_6628.jpg,web_photos/IMG_6628.jpg,38.04163055555556,-78.48585555555556,2025-06-17 11:16:36,Apple,iPhone 13 mini,1920,1440
IMG_5335.jpg,web_photos/IMG_5335.jpg,38.03617777777777,-78.50283055555556,2025-05-05 08:38:03,Apple,iPhone 13 mini,1440,1920
IMG_3977.jpg,web_photos/IMG_3977.jpg,38.035152777777775,-78.50206666666666,2025-03-27 08:17:56,Apple,iPhone 13 mini,1440,1920
IMG_3963.jpg,web_photos/IMG_3963.jpg,38.02451388888889,-78.4971,2025-03-26 09:55:24,Apple,iPhone 13 mini,1440,1920
IMG_8188.jpg,web_photos/IMG_8188.jpg,33.865025,-77.9983,2024-09-04 16:42:36,Apple,iPhone 13 mini,1920,1440
IMG_0067.jpg,web_photos/IMG_0067.jpg,43.638125,-79.44058333333334,2025-07-27 07:53:34,Apple,iPhone 16,1440,1920
IMG_5686.jpg,web_photos/IMG_5686.jpg,38.03541666666666,-78.50254166666667,2025-05-13 08:27:20,Apple,iPhone 13 mini,1440,1920
IMG_7085.jpg,web_photos/IMG_7085.jpg,33.85593055555556,-77.98133888888889,2025-07-09 12:29:28,Apple,iPhone 13 mini,1440,1920
IMG_8185.jpg,web_photos/IMG_8185.jpg,33.868675,-77.99689444444445,2024-09-04 16:40:54,Apple,iPhone 13 mini,1920,1440
IMG_6625.jpg,web_photos/IMG_6625.jpg,38.03937777777777,-78.48351944444444,2025-06-17 10:58:54,Apple,iPhone 13 mini,1440,1920
IMG_6631.jpg,web_photos/IMG_6631.jpg,38.04269444444444,-78.48786111111112,2025-06-17 11:22:33,Apple,iPhone 13 mini,1440,1920
IMG_4998.jpg,web_photos/IMG_4998.jpg,38.043275,-78.5021888888889,2025-04-23 08:29:38,Apple,iPhone 13 mini,1440,1920
IMG_8146.jpg,web_photos/IMG_8146.jpg,33.85650555555556,-77.97992777777777,2024-09-04 12:15:04,Apple,iPhone 13 mini,1440,1920
IMG_5502.jpg,web_photos/IMG_5502.jpg,38.01895277777778,-78.48232222222222,2025-05-09 19:45:04,Apple,iPhone 13 mini,1440,1920
IMG_1002.jpg,web_photos/IMG_1002.jpg,38.033744444444444,-78.50743888888888,2025-09-05 09:04:26,Apple,iPhone 16,1440,1920
IMG_4608.jpg,web_photos/IMG_4608.jpg,38.03618611111111,-78.50369166666667,2025-04-08 08:26:55,Apple,iPhone 13 mini,1440,1920
IMG_0122.jpg,web_photos/IMG_0122.jpg,38.039477777777776,-78.50060277777777,2024-11-03 13:58:18,Apple,iPhone 13 mini,1440,1920
IMG_7103.jpg,web_photos/IMG_7103.jpg,33.85610277777778,-77.97996388888889,2025-07-09 12:48:59,Apple,iPhone 13 mini,1440,1920
IMG_7102.jpg,web_photos/IMG_7102.jpg,33.85588333333334,-77.98081111111111,2025-07-09 12:46:40,Apple,iPhone 13 mini,1920,1440
IMG_3358.jpg,web_photos/IMG_3358.jpg,38.04523333333333,-78.47535833333333,2025-02-23 18:25:56,Apple,iPhone 13 mini,1920,1440
IMG_5926.jpg,web_photos/IMG_5926.jpg,38.04224444444444,-78.50244166666667,2025-05-20 08:30:28,Apple,iPhone 13 mini,1440,1920
IMG_0686.jpg,web_photos/IMG_0686.jpg,38.031241666666666,-78.47984444444445,2024-11-23 12:43:27,Apple,iPhone 13 mini,1920,1440
IMG_5259.jpg,web_photos/IMG_5259.jpg,38.04063333333333,-78.4901888888889,2025-05-02 09:39:01,Apple,iPhone 13 mini,1440,1920
IMG_8184.jpg,web_photos/IMG_8184.jpg,33.870755555555554,-77.997925,2024-09-04 16:39:49,Apple,iPhone 13 mini,1920,1440
IMG_8190.jpg,web_photos/IMG_8190.jpg,33.86481111111111,-77.99824444444445,2024-09-04 16:42:52,Apple,iPhone 13 mini,1920,1440
IMG_3576.jpg,web_photos/IMG_3576.jpg,38.048161111111106,-78.47476944444445,2025-03-06 16:15:38,Apple,iPhone 13 mini,1440,1920
IMG_8379.jpg,web_photos/IMG_8379.jpg,38.03363888888889,-78.50318888888889,2024-09-10 15:46:32,Apple,iPhone 13 mini,1920,1440
IMG_4231.jpg,web_photos/IMG_4231.jpg,36.09862777777778,-81.797675,2025-04-01 13:49:51,Apple,iPhone 13 mini,1440,1920
IMG_0057.jpg,web_photos/IMG_0057.jpg,38.03475833333333,-78.50394444444444,2024-11-03 13:24:44,Apple,iPhone 13 mini,1440,1920
IMG_0094.jpg,web_photos/IMG_0094.jpg,38.03581944444444,-78.50186944444444,2024-11-03 13:46:01,Apple,iPhone 13 mini,1440,1920
IMG_7921.jpg,web_photos/IMG_7921.jpg,42.33846944444445,-71.15850833333334,2024-08-20 10:14:53,Apple,iPhone 13 mini,1440,1920
IMG_0900.jpg,web_photos/IMG_0900.jpg,38.036791666666666,-78.49555277777777,2025-08-29 09:13:39,Apple,iPhone 16,1920,1440
IMG_0041.jpg,web_photos/IMG_0041.jpg,38.038075,-78.4965888888889,2024-11-03 13:04:37,Apple,iPhone 13 mini,1440,1920
IMG_0055.jpg,web_photos/IMG_0055.jpg,38.035269444444445,-78.50385277777778,2024-11-03 13:23:47,Apple,iPhone 13 mini,1440,1920
IMG_8186.jpg,web_photos/IMG_8186.jpg,33.868675,-77.99688611111111,2024-09-04 16:40:58,Apple,iPhone 13 mini,1920,1440
IMG_8192.jpg,web_photos/IMG_8192.jpg,33.86369722222222,-77.99734444444445,2024-09-04 16:43:23,Apple,iPhone 13 mini,1920,1440
IMG_6632.jpg,web_photos/IMG_6632.jpg,41.88121388888889,12.440275,2024-06-22 20:09:02,Apple,iPhone 13 mini,1920,1440
IMG_4804.jpg,web_photos/IMG_4804.jpg,38.038063888888885,-78.49691666666666,2025-04-17 07:43:16,Apple,iPhone 13 mini,1440,1920
IMG_2246.jpg,web_photos/IMG_2246.jpg,38.033202777777774,-78.49864166666667,2025-01-13 09:08:19,Apple,iPhone 13 mini,1440,1920
IMG_1001.jpg,web_photos/IMG_1001.jpg,38.034216666666666,-78.50763611111111,2025-09-05 09:03:11,Apple,iPhone 16,1440,1920
IMG_0848.jpg,web_photos/IMG_0848.jpg,38.081525000000006,-78.47829444444444,2025-08-27 16:57:59,Apple,iPhone 16,1440,1920
IMG_0690.jpg,web_photos/IMG_0690.jpg,38.03122777777778,-78.4797138888889,2024-11-23 12:44:06,Apple,iPhone 13 mini,1440,1920
IMG_5924.jpg,web_photos/IMG_5924.jpg,38.043727777777775,-78.50325833333333,2025-05-20 08:25:23,Apple,iPhone 13 mini,1440,1920
IMG_0135.jpg,web_photos/IMG_0135.jpg,38.03877222222222,-78.49560555555556,2024-11-03 14:06:12,Apple,iPhone 13 mini,1440,1920
IMG_0647.jpg,web_photos/IMG_0647.jpg,38.02473055555556,-78.49703333333333,2024-11-23 07:57:53,Apple,iPhone 13 mini,1440,1920
IMG_6578.jpg,web_photos/IMG_6578.jpg,37.95975555555556,-78.91220000000001,2025-06-16 16:01:43,Apple,iPhone 13 mini,1440,1920
IMG_7100.jpg,web_photos/IMG_7100.jpg,33.85587777777778,-77.98082777777778,2025-07-09 12:45:17,Apple,iPhone 13 mini,1440,1920
IMG_7114.jpg,web_photos/IMG_7114.jpg,33.85917222222222,-77.98559444444444,2025-07-09 13:12:17,Apple,iPhone 13 mini,1440,1920
IMG_7115.jpg,web_photos/IMG_7115.jpg,33.85913888888889,-77.98561944444444,2025-07-09 13:12:23,Apple,iPhone 13 mini,1440,1920
IMG_0646.jpg,web_photos/IMG_0646.jpg,38.02396111111111,-78.49663611111112,2024-11-23 07:56:18,Apple,iPhone 13 mini,1440,1920
IMG_0134.jpg,web_photos/IMG_0134.jpg,38.038894444444445,-78.49610833333334,2024-11-03 14:05:37,Apple,iPhone 13 mini,1440,1920
IMG_2092.jpg,web_photos/IMG_2092.jpg,38.04045555555555,-78.4917,2025-01-06 11:23:47,Apple,iPhone 13 mini,1440,1920
IMG_5925.jpg,web_photos/IMG_5925.jpg,38.043727777777775,-78.50325833333333,2025-05-20 08:25:23,Apple,iPhone 13 mini,1440,1920
IMG_0849.jpg,web_photos/IMG_0849.jpg,38.08155,-78.47833333333334,2025-08-27 16:58:03,Apple,iPhone 16,1440,1920
IMG_5931.jpg,web_photos/IMG_5931.jpg,38.03960555555555,-78.498025,2025-05-20 08:45:24,Apple,iPhone 13 mini,1440,1920
IMG_3171.jpg,web_photos/IMG_3171.jpg,38.040475,-78.49169166666667,2025-02-11 17:15:09,Apple,iPhone 13 mini,1440,1920
IMG_4805.jpg,web_photos/IMG_4805.jpg,38.03797222222222,-78.49668055555556,2025-04-17 07:44:10,Apple,iPhone 13 mini,1440,1920
IMG_1799.jpg,web_photos/IMG_1799.jpg,37.53213888888889,-77.47582222222222,2024-12-30 14:34:51,Apple,iPhone 13 mini,1440,1920
IMG_8144.jpg,web_photos/IMG_8144.jpg,33.85733333333334,-77.98008055555556,2024-09-04 12:12:17,Apple,iPhone 13 mini,1920,1440
IMG_6633.jpg,web_photos/IMG_6633.jpg,41.88116111111111,12.440294444444445,2024-06-22 20:09:13,Apple,iPhone 13 mini,1920,1440
IMG_8193.jpg,web_photos/IMG_8193.jpg,33.863725,-77.99736111111112,2024-09-04 16:43:36,Apple,iPhone 13 mini,1920,1440
IMG_8187.jpg,web_photos/IMG_8187.jpg,33.868575,-77.99708611111112,2024-09-04 16:41:18,Apple,iPhone 13 mini,1920,1440
IMG_4795.jpg,web_photos/IMG_4795.jpg,38.038088888888886,-78.497475,2025-04-16 09:54:00,Apple,iPhone 13 mini,1440,1920
IMG_0054.jpg,web_photos/IMG_0054.jpg,38.035266666666665,-78.5038388888889,2024-11-03 13:23:45,Apple,iPhone 13 mini,1440,1920
IMG_0040.jpg,web_photos/IMG_0040.jpg,38.038016666666664,-78.49644444444445,2024-11-03 13:04:15,Apple,iPhone 13 mini,1440,1920
IMG_9919.jpg,web_photos/IMG_9919.jpg,38.036788888888886,-78.49560555555556,2024-11-01 08:03:51,Apple,iPhone 13 mini,1440,1920
IMG_0044.jpg,web_photos/IMG_0044.jpg,38.038130555555554,-78.49697777777777,2024-11-03 13:05:34,Apple,iPhone 13 mini,1440,1920
IMG_0050.jpg,web_photos/IMG_0050.jpg,38.03834444444444,-78.50265555555555,2024-11-03 13:17:16,Apple,iPhone 13 mini,1440,1920
IMG_1170.jpg,web_photos/IMG_1170.jpg,38.02376944444444,-78.49697777777777,2024-12-18 10:21:48,Apple,iPhone 13 mini,1920,1440
IMG_2451.jpg,web_photos/IMG_2451.jpg,37.02336388888889,-76.33042222222223,2025-01-20 13:16:11,Apple,iPhone 13 mini,1920,1440
IMG_3983.jpg,web_photos/IMG_3983.jpg,38.035599999999995,-78.48669444444444,2025-03-27 17:43:38,Apple,iPhone 13 mini,1920,1440
IMG_9510.jpg,web_photos/IMG_9510.jpg,38.04227777777778,-78.49821388888888,2024-10-21 08:17:46,Apple,iPhone 13 mini,1920,1440
IMG_5262.jpg,web_photos/IMG_5262.jpg,38.04080555555555,-78.48968611111111,2025-05-02 09:46:27,Apple,iPhone 13 mini,1440,1920
IMG_5935.jpg,web_photos/IMG_5935.jpg,38.03836111111111,-78.49713888888888,2024-05-31 07:59:12,Apple,iPhone 13 mini,1440,1920
IMG_7105.jpg,web_photos/IMG_7105.jpg,33.85651388888889,-77.979875,2025-07-09 12:51:01,Apple,iPhone 13 mini,1440,1920
IMG_3411.jpg,web_photos/IMG_3411.jpg,38.03599166666667,-78.50418888888889,2025-02-28 10:45:52,Apple,iPhone 13 mini,1440,1920
IMG_9672.jpg,web_photos/IMG_9672.jpg,38.03846111111111,-78.49706388888889,2024-10-25 07:54:41,Apple,iPhone 13 mini,1440,1920
IMG_0130.jpg,web_photos/IMG_0130.jpg,38.039088888888884,-78.49667222222223,2024-11-03 14:04:44,Apple,iPhone 13 mini,1440,1920
IMG_7138.jpg,web_photos/IMG_7138.jpg,33.851025,-77.97852222222222,2025-07-11 13:42:49,Apple,iPhone 13 mini,1440,1920
IMG_0131.jpg,web_photos/IMG_0131.jpg,38.039088888888884,-78.49667222222223,2024-11-03 14:04:45,Apple,iPhone 13 mini,1440,1920
IMG_3410.jpg,web_photos/IMG_3410.jpg,38.03593055555555,-78.50422777777777,2025-02-28 10:45:45,Apple,iPhone 13 mini,1920,1440
IMG_7104.jpg,web_photos/IMG_7104.jpg,33.85648333333334,-77.97994166666666,2025-07-09 12:50:33,Apple,iPhone 13 mini,1440,1920
IMG_0694.jpg,web_photos/IMG_0694.jpg,38.03511388888889,-78.4940111111111,2024-11-23 16:15:35,Apple,iPhone 13 mini,1440,1920
IMG_5934.jpg,web_photos/IMG_5934.jpg,38.038352777777774,-78.49713888888888,2024-05-31 07:59:12,Apple,iPhone 13 mini,1440,1920
IMG_6583.jpg,web_photos/IMG_6583.jpg,41.88895,12.426919444444444,2024-06-22 15:47:03,Apple,iPhone 13 mini,1920,1440
IMG_0864.jpg,web_photos/IMG_0864.jpg,38.03612222222222,-78.502525,2025-08-28 08:23:52,Apple,iPhone 16,1920,1440
IMG_0870.jpg,web_photos/IMG_0870.jpg,38.034977777777776,-78.50164722222222,2025-08-28 08:30:03,Apple,iPhone 16,1920,1440
IMG_6781.jpg,web_photos/IMG_6781.jpg,38.03854444444444,-78.49509444444445,2025-06-27 10:31:06,Apple,iPhone 13 mini,1440,1920
IMG_3982.jpg,web_photos/IMG_3982.jpg,38.03525555555555,-78.48685555555555,2025-03-27 17:43:25,Apple,iPhone 13 mini,1440,1920
IMG_2450.jpg,web_photos/IMG_2450.jpg,37.02336944444444,-76.33054444444444,2025-01-20 13:16:01,Apple,iPhone 13 mini,1920,1440
IMG_4747.jpg,web_photos/IMG_4747.jpg,24.555966666666666,-81.801025,2024-04-03 01:43:59,Apple,iPhone 13 mini,1920,1440
IMG_8196.jpg,web_photos/IMG_8196.jpg,33.86928611111111,-77.995575,2024-09-04 16:49:29,Apple,iPhone 13 mini,1920,1440
IMG_8182.jpg,web_photos/IMG_8182.jpg,33.87305555555555,-78.00119722222222,2024-09-04 16:38:04,Apple,iPhone 13 mini,1920,1440
IMG_0045.jpg,web_photos/IMG_0045.jpg,38.03821666666666,-78.49704722222222,2024-11-03 13:05:50,Apple,iPhone 13 mini,1440,1920
IMG_9920.jpg,web_photos/IMG_9920.jpg,38.03683888888889,-78.49541388888889,2024-11-01 08:04:37,Apple,iPhone 13 mini,1440,1920
IMG_7099.jpg,web_photos/IMG_7099.jpg,33.855897222222225,-77.98088055555556,2025-07-09 12:44:11,Apple,iPhone 13 mini,1440,1920
IMG_6393.jpg,web_photos/IMG_6393.jpg,38.04082222222222,-78.49195,2025-06-09 19:58:19,Apple,iPhone 13 mini,1440,1920
IMG_2888.jpg,web_photos/IMG_2888.jpg,38.04556944444444,-78.47635555555556,2025-02-06 16:23:02,Apple,iPhone 13 mini,1920,1440
IMG_8194.jpg,web_photos/IMG_8194.jpg,33.86371666666667,-77.99735277777778,2024-09-04 16:43:40,Apple,iPhone 13 mini,1920,1440
IMG_4976.jpg,web_photos/IMG_4976.jpg,38.04060833333333,-78.50327222222222,2025-04-23 08:09:31,Apple,iPhone 13 mini,1440,1920
IMG_1832.jpg,web_photos/IMG_1832.jpg,37.53312222222222,-77.47688333333333,2024-12-30 14:57:46,Apple,iPhone 13 mini,1440,1920
IMG_3957.jpg,web_photos/IMG_3957.jpg,38.024125,-78.49713055555556,2025-03-26 09:51:54,Apple,iPhone 13 mini,1440,1920
IMG_3764.jpg,web_photos/IMG_3764.jpg,38.03527777777778,-78.49393333333333,2025-03-16 11:40:31,Apple,iPhone 13 mini,1920,1440
IMG_8157.jpg,web_photos/IMG_8157.jpg,33.85645,-77.9798888888889,2024-09-04 12:39:51,Apple,iPhone 13 mini,1440,1920
IMG_5329.jpg,web_photos/IMG_5329.jpg,38.037255555555554,-78.50328055555556,2025-05-05 08:23:14,Apple,iPhone 13 mini,1440,1920
IMG_2446.jpg,web_photos/IMG_2446.jpg,37.02294444444444,-76.33061944444444,2025-01-20 13:13:52,Apple,iPhone 13 mini,1440,1920
IMG_7258.jpg,web_photos/IMG_7258.jpg,38.02393055555555,-78.49765000000001,2025-07-18 11:59:25,Apple,iPhone 13 mini,1440,1920
IMG_4989.jpg,web_photos/IMG_4989.jpg,38.04354444444444,-78.50364722222223,2025-04-23 08:25:56,Apple,iPhone 13 mini,1920,1440
IMG_2452.jpg,web_photos/IMG_2452.jpg,37.02333333333333,-76.33052777777777,2025-01-20 13:17:29,Apple,iPhone 13 mini,1440,1920
IMG_1952.jpg,web_photos/IMG_1952.jpg,38.03525555555555,-78.49392777777778,2025-01-03 17:18:12,Apple,iPhone 13 mini,1440,1920
IMG_6783.jpg,web_photos/IMG_6783.jpg,38.03903611111111,-78.49650555555556,2025-06-27 10:34:20,Apple,iPhone 13 mini,1920,1440
IMG_5261.jpg,web_photos/IMG_5261.jpg,38.04080277777778,-78.48968611111111,2025-05-02 09:44:52,Apple,iPhone 13 mini,1440,1920
IMG_4631.jpg,web_photos/IMG_4631.jpg,38.04088333333333,-78.49010555555556,2025-04-09 16:05:40,Apple,iPhone 13 mini,1440,1920
IMG_7112.jpg,web_photos/IMG_7112.jpg,33.857197222222226,-77.98014722222223,2025-07-09 13:02:33,Apple,iPhone 13 mini,1920,1440
IMG_5711.jpg,web_photos/IMG_5711.jpg,38.03505833333333,-78.50087777777777,2025-05-15 08:33:24,Apple,iPhone 13 mini,1440,1920
IMG_7106.jpg,web_photos/IMG_7106.jpg,33.85646111111111,-77.97985,2025-07-09 12:51:53,Apple,iPhone 13 mini,1920,1440
IMG_6556.jpg,web_photos/IMG_6556.jpg,38.061188888888886,-78.45163611111111,2024-06-19 09:44:40,Apple,iPhone 13 mini,1920,1440
IMG_0133.jpg,web_photos/IMG_0133.jpg,38.039027777777775,-78.49626944444445,2024-11-03 14:05:21,Apple,iPhone 13 mini,1440,1920
IMG_0898.jpg,web_photos/IMG_0898.jpg,38.03909722222222,-78.50063333333334,2025-08-29 09:01:56,Apple,iPhone 16,1440,1920
IMG_0126.jpg,web_photos/IMG_0126.jpg,38.040102777777776,-78.49943611111111,2024-11-03 14:00:19,Apple,iPhone 13 mini,1440,1920
IMG_6557.jpg,web_photos/IMG_6557.jpg,38.06112222222222,-78.45192777777778,2024-06-19 09:44:45,Apple,iPhone 13 mini,1920,1440
IMG_7113.jpg,web_photos/IMG_7113.jpg,33.85721111111111,-77.98014166666667,2025-07-09 13:02:37,Apple,iPhone 13 mini,1920,1440
IMG_0867.jpg,web_photos/IMG_0867.jpg,38.03598888888889,-78.50263333333334,2025-08-28 08:24:55,Apple,iPhone 16,1440,1920
IMG_9314.jpg,web_photos/IMG_9314.jpg,38.09283333333334,-78.49434722222222,2024-10-14 12:58:16,Apple,iPhone 13 mini,1440,1920
IMG_2255.jpg,web_photos/IMG_2255.jpg,38.024116666666664,-78.49659722222222,2025-01-15 09:33:17,Apple,iPhone 13 mini,1920,1440
IMG_5260.jpg,web_photos/IMG_5260.jpg,38.040816666666665,-78.490075,2025-05-02 09:41:54,Apple,iPhone 13 mini,1440,1920
IMG_1953.jpg,web_photos/IMG_1953.jpg,38.03525833333333,-78.49392777777778,2025-01-03 17:18:21,Apple,iPhone 13 mini,1440,1920
IMG_6782.jpg,web_photos/IMG_6782.jpg,38.038558333333334,-78.49513888888889,2025-06-27 10:31:14,Apple,iPhone 13 mini,1920,1440
IMG_3188.jpg,web_photos/IMG_3188.jpg,38.03621944444444,-78.5042888888889,2025-02-11 22:29:33,Apple,iPhone 13 mini,1440,1920
IMG_4744.jpg,web_photos/IMG_4744.jpg,24.55608611111111,-81.801125,2024-04-03 01:43:01,Apple,iPhone 13 mini,1920,1440
IMG_2453.jpg,web_photos/IMG_2453.jpg,37.023025,-76.33033055555555,2025-01-20 13:19:17,Apple,iPhone 13 mini,1920,1440
IMG_6635.jpg,web_photos/IMG_6635.jpg,38.04371944444444,-78.4906,2025-06-17 11:49:37,Apple,iPhone 13 mini,1440,1920
IMG_2447.jpg,web_photos/IMG_2447.jpg,37.02294444444444,-76.33061111111111,2025-01-20 13:13:54,Apple,iPhone 13 mini,1920,1440
IMG_5328.jpg,web_photos/IMG_5328.jpg,38.03737222222222,-78.50315833333333,2025-05-05 08:22:48,Apple,iPhone 13 mini,1920,1440
IMG_7259.jpg,web_photos/IMG_7259.jpg,38.02406666666666,-78.49750555555556,2025-07-18 11:59:35,Apple,iPhone 13 mini,1440,1920
IMG_8156.jpg,web_photos/IMG_8156.jpg,33.85645,-77.97991111111111,2024-09-04 12:39:45,Apple,iPhone 13 mini,1440,1920
IMG_3956.jpg,web_photos/IMG_3956.jpg,38.02406388888889,-78.49703333333333,2025-03-26 09:51:04,Apple,iPhone 13 mini,1440,1920
IMG_1833.jpg,web_photos/IMG_1833.jpg,37.533116666666665,-77.47692222222223,2024-12-30 14:58:24,Apple,iPhone 13 mini,1440,1920
IMG_4977.jpg,web_photos/IMG_4977.jpg,38.040724999999995,-78.50344722222222,2025-04-23 08:10:03,Apple,iPhone 13 mini,1440,1920
IMG_8195.jpg,web_photos/IMG_8195.jpg,33.869275,-77.99559722222223,2024-09-04 16:49:18,Apple,iPhone 13 mini,1920,1440
IMG_0046.jpg,web_photos/IMG_0046.jpg,38.03838333333333,-78.49713055555556,2024-11-03 13:06:34,Apple,iPhone 13 mini,1440,1920
IMG_0052.jpg,web_photos/IMG_0052.jpg,38.03623611111111,-78.50363055555556,2024-11-03 13:21:18,Apple,iPhone 13 mini,1920,1440
IMG_7098.jpg,web_photos/IMG_7098.jpg,33.85591111111111,-77.98089722222223,2025-07-09 12:43:23,Apple,iPhone 13 mini,1440,1920
IMG_0091.jpg,web_photos/IMG_0091.jpg,44.978436111111115,-79.45552777777777,2025-07-27 18:36:45,Apple,iPhone 16,1920,1440
IMG_2187.jpg,web_photos/IMG_2187.jpg,38.03715,-78.47748611111112,2025-01-11 12:45:35,Apple,iPhone 13 mini,1440,1920
IMG_9978.jpg,web_photos/IMG_9978.jpg,38.03941666666667,-78.498,2024-11-02 12:08:24,Apple,iPhone 13 mini,1440,1920
IMG_0974.jpg,web_photos/IMG_0974.jpg,38.02411388888889,-78.49658333333333,2025-09-03 09:47:31,Apple,iPhone 16,1440,1920
IMG_9788.jpg,web_photos/IMG_9788.jpg,38.03914722222222,-78.48317777777778,2024-10-30 09:34:10,Apple,iPhone 13 mini,1440,1920
IMG_3500.jpg,web_photos/IMG_3500.jpg,38.04852222222222,-78.47694444444444,2025-03-02 11:59:40,Apple,iPhone 13 mini,1440,1920
IMG_0586.jpg,web_photos/IMG_0586.jpg,38.035222222222224,-78.49403333333333,2024-11-21 08:07:34,Apple,iPhone 13 mini,1440,1920
IMG_1101.jpg,web_photos/IMG_1101.jpg,38.03601111111111,-78.50398333333334,2024-12-13 08:27:57,Apple,iPhone 13 mini,1440,1920
IMG_5367.jpg,web_photos/IMG_5367.jpg,37.92756388888888,-79.45693333333334,2025-05-07 10:14:42,Apple,iPhone 13 mini,1920,1440
IMG_3689.jpg,web_photos/IMG_3689.jpg,38.03520555555556,-78.50190833333333,2025-03-15 15:44:50,Apple,iPhone 13 mini,1440,1920
IMG_1920.jpg,web_photos/IMG_1920.jpg,38.126983333333335,-78.49062222222223,2025-01-01 08:52:17,Apple,iPhone 13 mini,1440,1920
IMG_4680.jpg,web_photos/IMG_4680.jpg,38.04058055555555,-78.49123333333334,2025-04-11 09:57:59,Apple,iPhone 13 mini,1920,1440
IMG_5213.jpg,web_photos/IMG_5213.jpg,38.046458333333334,-78.4749,2025-04-30 09:20:47,Apple,iPhone 13 mini,1440,1920
IMG_0828.jpg,web_photos/IMG_0828.jpg,38.04272777777778,-78.48721388888889,2025-08-27 10:25:33,Apple,iPhone 16,1440,1920
IMG_5978.jpg,web_photos/IMG_5978.jpg,38.03576388888889,-78.50394444444444,2025-05-22 08:29:11,Apple,iPhone 13 mini,1440,1920
IMG_0814.jpg,web_photos/IMG_0814.jpg,37.76524444444444,-78.20398055555556,2024-11-28 17:17:25,Apple,iPhone 13 mini,1440,1920
IMG_5987.jpg,web_photos/IMG_5987.jpg,38.034908333333334,-78.507325,2025-05-22 08:49:14,Apple,iPhone 13 mini,1440,1920
IMG_0141.jpg,web_photos/IMG_0141.jpg,38.036513888888884,-78.49324722222222,2024-11-03 14:11:42,Apple,iPhone 13 mini,1440,1920
IMG_0155.jpg,web_photos/IMG_0155.jpg,38.04102222222222,-78.4900138888889,2024-11-04 13:32:32,Apple,iPhone 13 mini,1920,1440
IMG_5993.jpg,web_photos/IMG_5993.jpg,38.03635277777778,-78.50373888888889,2025-05-22 08:56:07,Apple,iPhone 13 mini,1920,1440
IMG_3474.jpg,web_photos/IMG_3474.jpg,38.040480555555554,-78.4915,2025-03-01 16:26:59,Apple,iPhone 13 mini,1440,1920
IMG_5776.jpg,web_photos/IMG_5776.jpg,38.12524166666667,-78.63312499999999,2025-05-17 13:33:01,Apple,iPhone 13 mini,1920,1440
IMG_3475.jpg,web_photos/IMG_3475.jpg,38.040475,-78.4915,2025-03-01 16:27:04,Apple,iPhone 13 mini,1440,1920
IMG_0154.jpg,web_photos/IMG_0154.jpg,38.04126111111111,-78.49001944444444,2024-11-04 13:32:27,Apple,iPhone 13 mini,1920,1440
IMG_5992.jpg,web_photos/IMG_5992.jpg,38.03635833333333,-78.50374722222222,2025-05-22 08:56:03,Apple,iPhone 13 mini,1440,1920
IMG_0815.jpg,web_photos/IMG_0815.jpg,37.76528888888889,-78.20399444444445,2024-11-28 17:17:28,Apple,iPhone 13 mini,1440,1920
IMG_5212.jpg,web_photos/IMG_5212.jpg,38.046477777777774,-78.47490555555555,2025-04-30 09:20:39,Apple,iPhone 13 mini,1920,1440
IMG_4865.jpg,web_photos/IMG_4865.jpg,38.04823611111111,-78.47486944444445,2025-04-19 11:04:48,Apple,iPhone 13 mini,1440,1920
IMG_4681.jpg,web_photos/IMG_4681.jpg,38.040549999999996,-78.49118888888889,2025-04-11 09:58:37,Apple,iPhone 13 mini,1440,1920
IMG_1100.jpg,web_photos/IMG_1100.jpg,38.036002777777774,-78.50395277777778,2024-12-13 08:27:43,Apple,iPhone 13 mini,1440,1920
IMG_8681.jpg,web_photos/IMG_8681.jpg,38.040680555555554,-78.49011944444445,2024-09-18 10:30:21,Apple,iPhone 13 mini,1440,1920
IMG_7029.jpg,web_photos/IMG_7029.jpg,41.916380555555556,12.447008333333333,2024-06-28 01:53:33,Apple,iPhone 13 mini,1920,1440
IMG_4520.jpg,web_photos/IMG_4520.jpg,35.33321666666667,-80.64586666666668,2025-04-04 15:53:03,Apple,iPhone 13 mini,1440,1920
IMG_0785.jpg,web_photos/IMG_0785.jpg,38.02732777777778,-78.45919722222223,2024-11-28 11:14:51,Apple,iPhone 13 mini,1920,1440
IMG_0977.jpg,web_photos/IMG_0977.jpg,38.04768055555555,-78.47151944444444,2024-12-05 16:26:31,Apple,iPhone 13 mini,1920,1440
IMG_0585.jpg,web_photos/IMG_0585.jpg,38.035174999999995,-78.49398055555555,2025-08-21 17:42:51,Apple,iPhone 16,1440,1920
IMG_4734.jpg,web_photos/IMG_4734.jpg,24.559430555555558,-81.80455833333333,2024-04-03 01:25:35,Apple,iPhone 13 mini,1920,1440
IMG_1102.jpg,web_photos/IMG_1102.jpg,38.036005555555555,-78.503975,2024-12-13 08:28:03,Apple,iPhone 13 mini,1440,1920
IMG_1923.jpg,web_photos/IMG_1923.jpg,38.126983333333335,-78.49061666666667,2025-01-01 08:56:13,Apple,iPhone 13 mini,1440,1920
IMG_5210.jpg,web_photos/IMG_5210.jpg,38.04643333333333,-78.4750138888889,2025-04-30 09:20:14,Apple,iPhone 13 mini,1440,1920
IMG_7361.jpg,web_photos/IMG_7361.jpg,38.04309722222222,-78.50212222222223,2025-07-23 14:22:41,Apple,iPhone 13 mini,1440,1920
IMG_3113.jpg,web_photos/IMG_3113.jpg,38.04495277777777,-78.47714166666667,2025-02-09 14:31:00,Apple,iPhone 13 mini,1920,1440
IMG_2796.jpg,web_photos/IMG_2796.jpg,38.040425,-78.49715555555555,2025-01-30 08:30:36,Apple,iPhone 13 mini,1440,1920
IMG_0817.jpg,web_photos/IMG_0817.jpg,38.04248055555556,-78.49610833333334,2025-08-26 08:14:11,Apple,iPhone 16,1440,1920
IMG_5990.jpg,web_photos/IMG_5990.jpg,38.03636111111111,-78.5038,2025-05-22 08:55:49,Apple,iPhone 13 mini,1440,1920
IMG_0142.jpg,web_photos/IMG_0142.jpg,38.03645833333333,-78.49333055555556,2024-11-03 14:12:01,Apple,iPhone 13 mini,1440,1920
IMG_2026.jpg,web_photos/IMG_2026.jpg,38.03525833333333,-78.49388055555556,2023-12-25 08:54:03,Apple,iPhone 13 mini,1440,1920
IMG_0816.jpg,web_photos/IMG_0816.jpg,37.76526944444444,-78.20399444444445,2024-11-28 17:17:33,Apple,iPhone 13 mini,1920,1440
IMG_3112.jpg,web_photos/IMG_3112.jpg,38.04494444444444,-78.47648611111111,2025-02-09 14:25:30,Apple,iPhone 13 mini,1920,1440
IMG_5211.jpg,web_photos/IMG_5211.jpg,38.04644722222222,-78.474975,2025-04-30 09:20:18,Apple,iPhone 13 mini,1440,1920
IMG_4866.jpg,web_photos/IMG_4866.jpg,38.048230555555556,-78.47486111111111,2025-04-19 11:04:50,Apple,iPhone 13 mini,1440,1920
IMG_4682.jpg,web_photos/IMG_4682.jpg,38.04069444444444,-78.49026388888889,2025-04-11 10:08:12,Apple,iPhone 13 mini,1440,1920
IMG_1922.jpg,web_photos/IMG_1922.jpg,38.12698611111111,-78.49061666666667,2025-01-01 08:56:11,Apple,iPhone 13 mini,1440,1920
IMG_1103.jpg,web_photos/IMG_1103.jpg,38.036075,-78.50399722222222,2024-12-13 08:28:15,Apple,iPhone 13 mini,1440,1920
IMG_2344.jpg,web_photos/IMG_2344.jpg,37.43224722222222,-75.84722222222221,2025-01-18 08:37:29,Apple,iPhone 13 mini,1920,1440
IMG_6888.jpg,web_photos/IMG_6888.jpg,38.13554722222222,-78.46172222222222,2025-06-29 12:15:03,Apple,iPhone 13 mini,1440,1920
IMG_8682.jpg,web_photos/IMG_8682.jpg,38.04061111111111,-78.49011944444445,2024-09-18 10:36:18,Apple,iPhone 13 mini,1440,1920
IMG_0751.jpg,web_photos/IMG_0751.jpg,38.03198888888889,-78.47807222222222,2024-11-26 14:20:32,Apple,iPhone 13 mini,1920,1440
IMG_6495.jpg,web_photos/IMG_6495.jpg,38.036175,-78.50271666666667,2025-06-13 10:22:26,Apple,iPhone 13 mini,1440,1920
IMG_0999.jpg,web_photos/IMG_0999.jpg,38.03497222222222,-78.50719444444445,2025-09-05 09:01:23,Apple,iPhone 16,1440,1920
IMG_1113.jpg,web_photos/IMG_1113.jpg,38.04051944444444,-78.48970833333334,2025-09-10 08:44:03,Apple,iPhone 16,1440,1920
IMG_4862.jpg,web_photos/IMG_4862.jpg,24.549122222222223,-81.808875,2024-04-03 19:14:48,Apple,iPhone 13 mini,1920,1440
IMG_0386.jpg,web_photos/IMG_0386.jpg,38.039516666666664,-78.49739722222222,2024-11-12 07:54:17,Apple,iPhone 13 mini,1440,1920
IMG_5215.jpg,web_photos/IMG_5215.jpg,38.046680555555554,-78.47470833333334,2025-04-30 09:21:42,Apple,iPhone 13 mini,1440,1920
IMG_4679.jpg,web_photos/IMG_4679.jpg,38.040530555555556,-78.49115833333333,2025-04-11 09:57:21,Apple,iPhone 13 mini,1440,1920
IMG_6046.jpg,web_photos/IMG_6046.jpg,36.92092222222222,-76.04863611111111,2025-05-24 16:16:21,Apple,iPhone 13 mini,1920,1440
IMG_3499.jpg,web_photos/IMG_3499.jpg,38.04846111111111,-78.47683611111111,2025-03-02 11:59:27,Apple,iPhone 13 mini,1920,1440
IMG_3300.jpg,web_photos/IMG_3300.jpg,38.0154,-78.47676111111112,2025-02-17 15:15:17,Apple,iPhone 13 mini,1440,1920
IMG_0153.jpg,web_photos/IMG_0153.jpg,38.04065833333333,-78.49027222222222,2024-11-04 13:29:54,Apple,iPhone 13 mini,1440,1920
IMG_0147.jpg,web_photos/IMG_0147.jpg,38.035130555555554,-78.49398055555555,2024-11-03 14:52:20,Apple,iPhone 13 mini,1440,1920
IMG_5980.jpg,web_photos/IMG_5980.jpg,38.03401944444444,-78.50580555555555,2025-05-22 08:37:34,Apple,iPhone 13 mini,1440,1920
IMG_5994.jpg,web_photos/IMG_5994.jpg,38.03741111111111,-78.50194444444445,2025-05-22 08:58:48,Apple,iPhone 13 mini,1440,1920
IMG_0813.jpg,web_photos/IMG_0813.jpg,38.038025,-78.49643611111111,2025-08-26 07:47:51,Apple,iPhone 16,1440,1920
IMG_6047.jpg,web_photos/IMG_6047.jpg,36.920925,-76.04884444444444,2025-05-24 16:17:37,Apple,iPhone 13 mini,1920,1440
IMG_5200.jpg,web_photos/IMG_5200.jpg,38.03183611111111,-78.47808888888889,2025-04-28 13:15:28,Apple,iPhone 13 mini,1920,1440
IMG_4678.jpg,web_photos/IMG_4678.jpg,38.040275,-78.49172222222222,2025-04-11 09:48:11,Apple,iPhone 13 mini,1440,1920
IMG_5214.jpg,web_photos/IMG_5214.jpg,38.04653611111111,-78.47494444444445,2025-04-30 09:21:07,Apple,iPhone 13 mini,1440,1920
IMG_0387.jpg,web_photos/IMG_0387.jpg,38.03901944444444,-78.50064722222223,2024-11-12 08:01:16,Apple,iPhone 13 mini,1440,1920
IMG_5348.jpg,web_photos/IMG_5348.jpg,38.03824722222222,-78.49863333333333,2025-05-06 07:51:17,Apple,iPhone 13 mini,1440,1920
IMG_2369.jpg,web_photos/IMG_2369.jpg,37.4383,-75.84187222222222,2025-01-18 17:09:56,Apple,iPhone 13 mini,1920,1440
IMG_0754.jpg,web_photos/IMG_0754.jpg,38.024252777777775,-78.49648333333333,2024-11-27 09:36:42,Apple,iPhone 13 mini,1920,1440
IMG_6494.jpg,web_photos/IMG_6494.jpg,38.03615555555555,-78.50273055555556,2025-06-13 10:22:18,Apple,iPhone 13 mini,1920,1440
IMG_0973.jpg,web_photos/IMG_0973.jpg,38.024125,-78.49662777777777,2025-09-03 09:47:19,Apple,iPhone 16,1920,1440
IMG_0971.jpg,web_photos/IMG_0971.jpg,38.02418888888889,-78.49656666666667,2025-09-03 09:28:52,Apple,iPhone 16,1440,1920
IMG_9969.jpg,web_photos/IMG_9969.jpg,38.04080555555555,-78.49786388888889,2024-11-02 11:46:21,Apple,iPhone 13 mini,1440,1920
IMG_4524.jpg,web_photos/IMG_4524.jpg,35.33468611111111,-80.64623333333334,2025-04-04 15:57:49,Apple,iPhone 13 mini,1440,1920
IMG_6870.jpg,web_photos/IMG_6870.jpg,38.03601944444444,-78.502625,2025-06-28 23:31:58,Apple,iPhone 13 mini,1920,1440
IMG_0568.jpg,web_photos/IMG_0568.jpg,38.024369444444446,-78.49678055555556,2024-11-20 10:31:58,Apple,iPhone 13 mini,1920,1440
IMG_1110.jpg,web_photos/IMG_1110.jpg,38.04154166666667,-78.49120277777777,2025-09-10 08:36:28,Apple,iPhone 16,1440,1920
IMG_1104.jpg,web_photos/IMG_1104.jpg,38.03612222222222,-78.50374722222222,2024-12-13 08:28:47,Apple,iPhone 13 mini,1440,1920
IMG_3698.jpg,web_photos/IMG_3698.jpg,38.03608333333333,-78.50265555555555,2025-03-15 15:49:52,Apple,iPhone 13 mini,1920,1440
IMG_4849.jpg,web_photos/IMG_4849.jpg,38.04536944444444,-78.47613611111112,2025-04-19 10:34:47,Apple,iPhone 13 mini,1440,1920
IMG_5216.jpg,web_photos/IMG_5216.jpg,38.04676944444444,-78.47428055555555,2025-04-30 09:23:27,Apple,iPhone 13 mini,1440,1920
IMG_5799.jpg,web_photos/IMG_5799.jpg,38.125052777777775,-78.6332861111111,2025-05-17 14:38:25,Apple,iPhone 13 mini,1920,1440
IMG_6509.jpg,web_photos/IMG_6509.jpg,38.03516666666666,-78.50108333333333,2025-06-13 10:37:49,Apple,iPhone 13 mini,1920,1440
IMG_0144.jpg,web_photos/IMG_0144.jpg,38.03531666666667,-78.49388888888889,2024-11-03 14:37:30,Apple,iPhone 13 mini,1920,1440
IMG_0636.jpg,web_photos/IMG_0636.jpg,38.035088888888886,-78.4939888888889,2024-11-22 21:31:44,Apple,iPhone 13 mini,1920,1440
IMG_5997.jpg,web_photos/IMG_5997.jpg,38.038325,-78.49725277777777,2025-05-22 09:17:13,Apple,iPhone 13 mini,1920,1440
IMG_5029.jpg,web_photos/IMG_5029.jpg,38.04094722222222,-78.48976111111111,2025-04-24 08:54:03,Apple,iPhone 13 mini,1440,1920
IMG_2034.jpg,web_photos/IMG_2034.jpg,37.98130555555556,-78.51314444444445,2025-01-05 14:19:51,Apple,iPhone 13 mini,1440,1920
IMG_6508.jpg,web_photos/IMG_6508.jpg,38.03520833333333,-78.50112222222222,2025-06-13 10:37:39,Apple,iPhone 13 mini,1440,1920
IMG_0810.jpg,web_photos/IMG_0810.jpg,37.76236388888889,-78.21020555555556,2024-11-28 16:48:45,Apple,iPhone 13 mini,1920,1440
IMG_5217.jpg,web_photos/IMG_5217.jpg,38.047152777777775,-78.47386111111112,2025-04-30 09:25:57,Apple,iPhone 13 mini,1440,1920
IMG_5203.jpg,web_photos/IMG_5203.jpg,38.03616666666667,-78.5025111111111,2025-04-29 08:26:32,Apple,iPhone 13 mini,1440,1920
IMG_3699.jpg,web_photos/IMG_3699.jpg,38.036113888888885,-78.50267777777778,2025-03-15 15:50:00,Apple,iPhone 13 mini,1440,1920
IMG_0390.jpg,web_photos/IMG_0390.jpg,38.038066666666666,-78.49661388888889,2024-11-12 08:09:40,Apple,iPhone 13 mini,1440,1920
IMG_4860.jpg,web_photos/IMG_4860.jpg,38.04677222222222,-78.47394444444444,2025-04-19 10:59:32,Apple,iPhone 13 mini,1440,1920
IMG_1105.jpg,web_photos/IMG_1105.jpg,38.03611111111111,-78.50370833333334,2024-12-13 08:29:04,Apple,iPhone 13 mini,1440,1920
IMG_0569.jpg,web_photos/IMG_0569.jpg,38.02438055555555,-78.49681111111111,2024-11-20 10:32:01,Apple,iPhone 13 mini,1920,1440
IMG_4519.jpg,web_photos/IMG_4519.jpg,35.33561666666667,-80.64672222222222,2025-04-04 15:42:02,Apple,iPhone 13 mini,1920,1440
IMG_6497.jpg,web_photos/IMG_6497.jpg,38.035977777777774,-78.50265555555555,2025-06-13 10:28:02,Apple,iPhone 13 mini,1440,1920
